
-- INSERTANDO DATOS DE GENEROS Y NACIONALIDADES --
INSERT INTO genero (nombre_genero) VALUES ('Masculino');
INSERT INTO genero (nombre_genero) VALUES ('Femenino');
INSERT INTO NACIONALIDAD (NOMBRE_NACIONALIDAD) VALUES ('Peruana');
INSERT INTO NACIONALIDAD (NOMBRE_NACIONALIDAD) VALUES ('Colombiana');
INSERT INTO NACIONALIDAD (NOMBRE_NACIONALIDAD) VALUES ('Ecuatoriana');
INSERT INTO TALLA_VESTIMENTA (NUMERO_TALLA) VALUES (98);
INSERT INTO TALLA_VESTIMENTA (NUMERO_TALLA) VALUES (100);
INSERT INTO TALLA_VESTIMENTA (NUMERO_TALLA) VALUES (102);
INSERT INTO TALLA_VESTIMENTA (NUMERO_TALLA) VALUES (104);
INSERT INTO TALLA_VESTIMENTA (NUMERO_TALLA) VALUES (106);
INSERT INTO TALLA_ZAPATO (NUMERO_TALLA) VALUES (20);
INSERT INTO TALLA_ZAPATO (NUMERO_TALLA) VALUES (22);
INSERT INTO TALLA_ZAPATO (NUMERO_TALLA) VALUES (24);
INSERT INTO RELACION (NOMBRE_PARENTESCO) VALUES ('TÍO/A');
INSERT INTO RELACION (NOMBRE_PARENTESCO) VALUES ('ABUELO/A');
INSERT INTO RELACION (NOMBRE_PARENTESCO) VALUES ('HERMANO/A');
INSERT INTO RELACION (NOMBRE_PARENTESCO) VALUES ('PRIMO/A');
INSERT INTO RELACION (NOMBRE_PARENTESCO) VALUES ('PADRINO/A');
INSERT INTO ALERGIAS (NOMBRE_ALERGIA) VALUES ('SARPULLIDO');
INSERT INTO ALERGIAS (NOMBRE_ALERGIA) VALUES ('INTOLERANCIA A LACTOSA');
INSERT INTO ALERGIAS (NOMBRE_ALERGIA) VALUES ('ACAROS DEL POLVO');
INSERT INTO ALERGIAS (NOMBRE_ALERGIA) VALUES ('POLEN');
INSERT INTO ALERGIAS (NOMBRE_ALERGIA) VALUES ('MOHO');
INSERT INTO ALERGIAS (NOMBRE_ALERGIA) VALUES ('MASCOTAS');
INSERT INTO MEDICAMENTO (NOMBRE_MEDICAMENTO, DESCRIPTION_MEDICAMENTO) VALUES ('ACETAMINOFENO', 'Reducir molestias, dolores, fiebre en niños con resfriados');
INSERT INTO MEDICAMENTO (NOMBRE_MEDICAMENTO, DESCRIPTION_MEDICAMENTO) VALUES ('AMOXICILINA', 'Medicamento para las infecciones por microrganismos');
INSERT INTO MEDICAMENTO (NOMBRE_MEDICAMENTO, DESCRIPTION_MEDICAMENTO) VALUES ('LORATADINA', 'Tratamiento para la rino conjuntivitis y urticaria crónica');
INSERT INTO ANO_LECTIVO (ANO) VALUES ('2018');
INSERT INTO ANO_LECTIVO (ANO) VALUES ('2019');
INSERT INTO ANO_LECTIVO (ANO) VALUES ('2020');
INSERT INTO ANO_LECTIVO (ANO) VALUES ('2021');
INSERT INTO PROGRAMA (NOMBRE_PROGRAMA, ID_ANO_LECTIVO) VALUES ('Desarrollo intelectual', 1);
INSERT INTO PROGRAMA (NOMBRE_PROGRAMA, ID_ANO_LECTIVO) VALUES ('Desarrollo emocional', 1);
INSERT INTO PROGRAMA (NOMBRE_PROGRAMA, ID_ANO_LECTIVO) VALUES ('Desarrollo motriz', 1);
INSERT INTO PROGRAMA (NOMBRE_PROGRAMA, ID_ANO_LECTIVO) VALUES ('Desarrollo intelectual', 2);
INSERT INTO PROGRAMA (NOMBRE_PROGRAMA, ID_ANO_LECTIVO) VALUES ('Desarrollo emocional', 2);
INSERT INTO PROGRAMA (NOMBRE_PROGRAMA, ID_ANO_LECTIVO) VALUES ('Desarrollo motriz', 2);
INSERT INTO PROGRAMA (NOMBRE_PROGRAMA, ID_ANO_LECTIVO) VALUES ('Desarrollo intelectual', 3);
INSERT INTO PROGRAMA (NOMBRE_PROGRAMA, ID_ANO_LECTIVO) VALUES ('Desarrollo emocional', 3);
INSERT INTO PROGRAMA (NOMBRE_PROGRAMA, ID_ANO_LECTIVO) VALUES ('Desarrollo motriz', 3);
INSERT INTO PROGRAMA (NOMBRE_PROGRAMA, ID_ANO_LECTIVO) VALUES ('Desarrollo intelectual', 4);
INSERT INTO PROGRAMA (NOMBRE_PROGRAMA, ID_ANO_LECTIVO) VALUES ('Desarrollo emocional', 4);
INSERT INTO PROGRAMA (NOMBRE_PROGRAMA, ID_ANO_LECTIVO) VALUES ('Desarrollo motriz', 4);
INSERT INTO TIPO_RENDIMIENTO (NOMBRE_RENDIMIENT) VALUES ('REGULAR');
INSERT INTO TIPO_RENDIMIENTO (NOMBRE_RENDIMIENT) VALUES ('BUENO');
INSERT INTO TIPO_RENDIMIENTO (NOMBRE_RENDIMIENT) VALUES ('EXCELENTE');
INSERT INTO ACTIVIDAD (ID_PROGRAMA, NOMBRE_AVTIVI, DESCRIPCION_ACTIVI, DURACION_ACTIVI, FINALIZADO) VALUES (1, 'PREGUNTAS Y RESPUESTAS', 'EL PROFESOR PROPONDRÁ ALGUNAS PREGUNTAS SENCILLAS PARA QUE LOS NIÑOS LA RESPONDAN Y SE LLEVEN UN PREMIO', 1, 'FALSE');
INSERT INTO ACTIVIDAD (ID_PROGRAMA, NOMBRE_AVTIVI, DESCRIPCION_ACTIVI, DURACION_ACTIVI, FINALIZADO) VALUES (2, 'CUENTO', 'LEER UN CUENTO EN CONJUNTO PARA RECONOCER EMOCIONES Y FOMENTAR EL AMOR A LOS LIBROS', 6, 'FALSE');
INSERT INTO ACTIVIDAD (ID_PROGRAMA, NOMBRE_AVTIVI, DESCRIPCION_ACTIVI, DURACION_ACTIVI, FINALIZADO) VALUES (3, 'BAILAR', 'SE LES DISPONDRÁN A LOS NIÑOS CANCIONES INFANTILES PARA QUE SE EJERCITEN Y DIVIERTAN USANDO MÁSCARAS COLORIDAS', 3, 'FALSE');
INSERT INTO ACTIVIDAD (ID_PROGRAMA, NOMBRE_AVTIVI, DESCRIPCION_ACTIVI, DURACION_ACTIVI, FINALIZADO) VALUES (1, 'JUEGO DE MEMORIA', 'SE COLOCARAN CARTAS CON IMAGENES DE ANIMALES Y LOS NIÑOS BUSCARAN AQUELLAS QUE SEAN IGUALES', 2, 'FALSE');
INSERT INTO ACTIVIDAD (ID_PROGRAMA, NOMBRE_AVTIVI, DESCRIPCION_ACTIVI, DURACION_ACTIVI, FINALIZADO) VALUES (4, 'DICCIONARIO EMOCIONES', 'CONSISTE EN COGER VARIAS FOTOGRAFÍAS CON PERSONAS, NIÑOS O PERSONAJES EXPRESANDO UNA EMOCIÓN Y LOS NIÑOS DEBEN IDENTIFICAR LA EMOCIÓN Y CLASIFICAR LAS IMÁGENES.', 2, 'FALSE');
INSERT INTO ACTIVIDAD (ID_PROGRAMA, NOMBRE_AVTIVI, DESCRIPCION_ACTIVI, DURACION_ACTIVI, FINALIZADO) VALUES (5, 'SALTAR LA CUERDA', 'LOS NIÑOS TENDRÁN A SU DISPOSICIÓN UNA CUERDA CON LAS QUE HARÁN UNA RUTINA DE SALTOS', 2, 'FALSE');
INSERT INTO ACTIVIDAD (ID_PROGRAMA, NOMBRE_AVTIVI, DESCRIPCION_ACTIVI, DURACION_ACTIVI, FINALIZADO) VALUES (6, 'VOCALES', 'PRACTICAR LAS VOCALES, TANTO SU ESCRITURA COMO SU PRONUNCIACION', 4, 'FALSE');
INSERT INTO ACTIVIDAD (ID_PROGRAMA, NOMBRE_AVTIVI, DESCRIPCION_ACTIVI, DURACION_ACTIVI, FINALIZADO) VALUES (4, 'MUSICA', 'SE COLOCARAN MUSICAS DISTINTAS Y SE PREGUNTARA QUE TIPO DE EMOCIONES LES HACE SENTIR ESAS MUSICAS', 1, 'FALSE');
INSERT INTO ACTIVIDAD (ID_PROGRAMA, NOMBRE_AVTIVI, DESCRIPCION_ACTIVI, DURACION_ACTIVI, FINALIZADO) VALUES (7, 'ATARSE LOS CORDONES', 'SE LES ENSEÑARÁ A LOS NIÑOS DIFERENTES NUDOS PARA ATAR SUS ZAPATOS', 2, 'FALSE');
INSERT INTO ACTIVIDAD (ID_PROGRAMA, NOMBRE_AVTIVI, DESCRIPCION_ACTIVI, DURACION_ACTIVI, FINALIZADO) VALUES (8, 'LETRAS CON PLASTILINA', 'LOS NIÑOST ENDRÁN PLASTILINAS CON LAS QUE CREARÁN LAS LETRAS DEL ABECEDARIO', 1, 'FALSE');
INSERT INTO ACTIVIDAD (ID_PROGRAMA, NOMBRE_AVTIVI, DESCRIPCION_ACTIVI, DURACION_ACTIVI, FINALIZADO) VALUES (9, 'PINTURA', 'EN ESTA ACTIVIDAD DEJAREMOS QUE PINTEN LIBREMENTE LAS EMOCIONES QUE SIENTEN', 1, 'FALSE');
INSERT INTO ACTIVIDAD (ID_PROGRAMA, NOMBRE_AVTIVI, DESCRIPCION_ACTIVI, DURACION_ACTIVI, FINALIZADO) VALUES (10, 'EQUILIBRIO', 'SE PARARÁN EN UNA PIERNA Y EL QUE AGUANTE MÁS TIEMPO PODRÁ TOMAR LA COLADA', 1, 'FALSE');
INSERT INTO ACTIVIDAD (ID_PROGRAMA, NOMBRE_AVTIVI, DESCRIPCION_ACTIVI, DURACION_ACTIVI, FINALIZADO) VALUES (11, 'NUMEROS', 'CONTAR LOS NUMEROS DE LO 1 AL 10 PARA SU DESAROLLO INTELECTUAL', 5, 'FALSE');
INSERT INTO ACTIVIDAD (ID_PROGRAMA, NOMBRE_AVTIVI, DESCRIPCION_ACTIVI, DURACION_ACTIVI, FINALIZADO) VALUES (12, 'MIMICA', 'SE PREPARAN VARIAS TARJETAS Y SE ESCRIBE EN ELLAS DIFERENTES EMOCIONES, LUEGO EL NIÑO COGE UNA TARJETA Y DEBE REPRESENTAR LA EMOCIÓN MÍMICAMENTE.', 2, 'FALSE');
INSERT INTO ACTIVIDAD (ID_PROGRAMA, NOMBRE_AVTIVI, DESCRIPCION_ACTIVI, DURACION_ACTIVI, FINALIZADO) VALUES (10, 'CARRETILLA', 'LOS NIÑOS SE TOMARAN LAS PIERNAS Y ALZARAN HACIENDO FORMA DE CARRETILLA Y HARÁN CARRERAS', 1, 'FALSE');
INSERT INTO MATERIAL (NOMBRE_MATERIAL) VALUES ('CUADERNO');
INSERT INTO MATERIAL (NOMBRE_MATERIAL) VALUES ('LAPIZ');
INSERT INTO MATERIAL (NOMBRE_MATERIAL) VALUES ('BORRADOR');
INSERT INTO MATERIAL (NOMBRE_MATERIAL) VALUES ('ACUARELA');
INSERT INTO MATERIAL (NOMBRE_MATERIAL) VALUES ('PINCEL');
INSERT INTO MATERIAL (NOMBRE_MATERIAL) VALUES ('MANDÍL');
INSERT INTO MATERIAL (NOMBRE_MATERIAL) VALUES ('PARLANTE BLUETOOTH');
INSERT INTO MATERIAL (NOMBRE_MATERIAL) VALUES ('LIBRO');
INSERT INTO MATERIAL (NOMBRE_MATERIAL) VALUES ('TARJETAS');
INSERT INTO MATERIAL (NOMBRE_MATERIAL) VALUES ('PLASTILINA');
INSERT INTO MATERIAL (NOMBRE_MATERIAL) VALUES ('FOTOGRAFÍAS');
INSERT INTO MATERIAL (NOMBRE_MATERIAL) VALUES ('CUERDA PARA SALTAR');
INSERT INTO MATERIAL (NOMBRE_MATERIAL) VALUES ('MÁSCARAS');
INSERT INTO MATERIAL (NOMBRE_MATERIAL) VALUES ('LLEVAR ZAPATOS');
INSERT INTO PROFESIONAL (ID_ACTIVIDAD, ID_GENERO, ID_NACIONALIDAD, NOMBRES_PROF, APELLIDOS_PROF, CI_PROF, DIRECCION_PROF, TELEFONO_PROF, NO_CERTIFI_SENECYT) VALUES (1, 1, 2, 'RONNY LAURIANO', 'BARREIRA CARREÑO', '1254726531', 'CALLE 2 Y AV 4', '0984563212', 'VILLA 1');
INSERT INTO PROFESIONAL (ID_ACTIVIDAD, ID_GENERO, ID_NACIONALIDAD, NOMBRES_PROF, APELLIDOS_PROF, CI_PROF, DIRECCION_PROF, TELEFONO_PROF, NO_CERTIFI_SENECYT) VALUES (2, 1, 3, 'LAURIANO CHRISTIAN', 'CARREÑO MENENDEZ', '1456547892', 'CALLE 3 Y AV 5', '0984253618', 'VILLA 2');
INSERT INTO PROFESIONAL (ID_ACTIVIDAD, ID_GENERO, ID_NACIONALIDAD, NOMBRES_PROF, APELLIDOS_PROF, CI_PROF, DIRECCION_PROF, TELEFONO_PROF, NO_CERTIFI_SENECYT) VALUES (3, 2, 2, 'CLAUDIA EMILIA', 'SMITH FIGUEROA', '1457893214', 'CALLE 5 Y AV 7', '0961982573', 'VILLA 3');
INSERT INTO PROFESIONAL (ID_ACTIVIDAD, ID_GENERO, ID_NACIONALIDAD, NOMBRES_PROF, APELLIDOS_PROF, CI_PROF, DIRECCION_PROF, TELEFONO_PROF, NO_CERTIFI_SENECYT) VALUES (4, 1, 1, 'PEDRO EMILIO', 'ARCE PONCE', '1458627891', 'CALLE 4 Y AV 6', '0994562137', 'VILLA 4');
INSERT INTO PROFESIONAL (ID_ACTIVIDAD, ID_GENERO, ID_NACIONALIDAD, NOMBRES_PROF, APELLIDOS_PROF, CI_PROF, DIRECCION_PROF, TELEFONO_PROF, NO_CERTIFI_SENECYT) VALUES (5, 2, 3, 'CYNTHYA RUPERTA', 'COPIANO DOLORES', '1234567890', 'CALLE 6 Y AV 8', '0984561233', 'VILLA 5');
INSERT INTO PROFESIONAL (ID_ACTIVIDAD, ID_GENERO, ID_NACIONALIDAD, NOMBRES_PROF, APELLIDOS_PROF, CI_PROF, DIRECCION_PROF, TELEFONO_PROF, NO_CERTIFI_SENECYT) VALUES (6, 2, 1, 'RUPERTA CRISTINA', 'DOLORES COPIANO', '1548457893', 'CALLE 7 Y AV 9', '0984562571', 'VILLA 6');
INSERT INTO PROFESIONAL (ID_ACTIVIDAD, ID_GENERO, ID_NACIONALIDAD, NOMBRES_PROF, APELLIDOS_PROF, CI_PROF, DIRECCION_PROF, TELEFONO_PROF, NO_CERTIFI_SENECYT) VALUES (7, 1, 2, 'CARLOS MANUEL', 'VILLAGRÁN CORTÉS', '1452638795', 'CALLE 8 Y AV 10', '0987453211', 'VILLA 7');
INSERT INTO PROFESIONAL (ID_ACTIVIDAD, ID_GENERO, ID_NACIONALIDAD, NOMBRES_PROF, APELLIDOS_PROF, CI_PROF, DIRECCION_PROF, TELEFONO_PROF, NO_CERTIFI_SENECYT) VALUES (8, 1, 3, 'RAMÓN GILBERTO', 'VALDÉZ MONTESDEOCA', '1365894753', 'CALLE 9 Y AV 11', '0985623145', 'VILLA 8');
INSERT INTO PROFESIONAL (ID_ACTIVIDAD, ID_GENERO, ID_NACIONALIDAD, NOMBRES_PROF, APELLIDOS_PROF, CI_PROF, DIRECCION_PROF, TELEFONO_PROF, NO_CERTIFI_SENECYT) VALUES (9, 2, 1, 'CRISTINA MELISSA', 'AGUILER DARNI', '1524896521', 'CALLE 10 Y AV 12', '0921564562', 'VILLA 9');
INSERT INTO PROFESIONAL (ID_ACTIVIDAD, ID_GENERO, ID_NACIONALIDAD, NOMBRES_PROF, APELLIDOS_PROF, CI_PROF, DIRECCION_PROF, TELEFONO_PROF, NO_CERTIFI_SENECYT) VALUES (10, 1, 2, 'BORIS LEONEL', 'LOOR BARRETO', '1456213759', 'CALLE 11 Y AV 13', '0985243216', 'VILLA 10');
INSERT INTO PROFESIONAL (ID_ACTIVIDAD, ID_GENERO, ID_NACIONALIDAD, NOMBRES_PROF, APELLIDOS_PROF, CI_PROF, DIRECCION_PROF, TELEFONO_PROF, NO_CERTIFI_SENECYT) VALUES (11, 1, 1, 'MIGUEL ANGEL', 'POZO VERA', '1234756827', 'CALLE 12 Y AV 14', '0987562456', 'VILLA 11');
INSERT INTO PROFESIONAL (ID_ACTIVIDAD, ID_GENERO, ID_NACIONALIDAD, NOMBRES_PROF, APELLIDOS_PROF, CI_PROF, DIRECCION_PROF, TELEFONO_PROF, NO_CERTIFI_SENECYT) VALUES (12, 2, 3, 'VALENTINA VALERIA', 'MAYORGA YAMBAE', '1425687951', 'CALLE 13 Y AV 15', '0956248723', 'VILLA 12');
INSERT INTO PROFESIONAL (ID_ACTIVIDAD, ID_GENERO, ID_NACIONALIDAD, NOMBRES_PROF, APELLIDOS_PROF, CI_PROF, DIRECCION_PROF, TELEFONO_PROF, NO_CERTIFI_SENECYT) VALUES (13, 2, 2, 'LUCY MARY', 'FREEMAN SMITH', '1234569510', 'CALLE 14 Y AV 16', '0945213685', 'VILLA 13');
INSERT INTO PROFESIONAL (ID_ACTIVIDAD, ID_GENERO, ID_NACIONALIDAD, NOMBRES_PROF, APELLIDOS_PROF, CI_PROF, DIRECCION_PROF, TELEFONO_PROF, NO_CERTIFI_SENECYT) VALUES (14, 1, 2, 'CAROLINA JULIETA', 'MDRANDA VERA', '1456328942', 'CALLE 15 Y AV 17', '0986521427', 'VILLA 14');
INSERT INTO PROFESIONAL (ID_ACTIVIDAD, ID_GENERO, ID_NACIONALIDAD, NOMBRES_PROF, APELLIDOS_PROF, CI_PROF, DIRECCION_PROF, TELEFONO_PROF, NO_CERTIFI_SENECYT) VALUES (15, 2, 1, 'MATILDA LAURA', 'BARRIGA MEZA', '1452368524', 'CALLE 16 Y AV 18', '0985243697', 'VILLA 15');
INSERT INTO EMPLEA (ID_MATERIAL, ID_ACTIVIDAD) VALUES (1, 1);
INSERT INTO EMPLEA (ID_MATERIAL, ID_ACTIVIDAD) VALUES (2, 1);
INSERT INTO EMPLEA (ID_MATERIAL, ID_ACTIVIDAD) VALUES (3, 1);
INSERT INTO EMPLEA (ID_MATERIAL, ID_ACTIVIDAD) VALUES (8, 2);
INSERT INTO EMPLEA (ID_MATERIAL, ID_ACTIVIDAD) VALUES (7, 3);
INSERT INTO EMPLEA (ID_MATERIAL, ID_ACTIVIDAD) VALUES (9, 4);
INSERT INTO EMPLEA (ID_MATERIAL, ID_ACTIVIDAD) VALUES (11, 5);
INSERT INTO EMPLEA (ID_MATERIAL, ID_ACTIVIDAD) VALUES (12, 6);
INSERT INTO EMPLEA (ID_MATERIAL, ID_ACTIVIDAD) VALUES (1, 7);
INSERT INTO EMPLEA (ID_MATERIAL, ID_ACTIVIDAD) VALUES (2, 7);
INSERT INTO EMPLEA (ID_MATERIAL, ID_ACTIVIDAD) VALUES (3, 7);
INSERT INTO EMPLEA (ID_MATERIAL, ID_ACTIVIDAD) VALUES (7, 8);
INSERT INTO EMPLEA (ID_MATERIAL, ID_ACTIVIDAD) VALUES (14, 9);
INSERT INTO EMPLEA (ID_MATERIAL, ID_ACTIVIDAD) VALUES (10, 10);
INSERT INTO EMPLEA (ID_MATERIAL, ID_ACTIVIDAD) VALUES (4, 11);
INSERT INTO EMPLEA (ID_MATERIAL, ID_ACTIVIDAD) VALUES (5, 11);
INSERT INTO EMPLEA (ID_MATERIAL, ID_ACTIVIDAD) VALUES (6, 11);
INSERT INTO EMPLEA (ID_MATERIAL, ID_ACTIVIDAD) VALUES (1, 13);
INSERT INTO EMPLEA (ID_MATERIAL, ID_ACTIVIDAD) VALUES (2, 13);
INSERT INTO EMPLEA (ID_MATERIAL, ID_ACTIVIDAD) VALUES (3, 13);
INSERT INTO EMPLEA (ID_MATERIAL, ID_ACTIVIDAD) VALUES (9, 14);
INSERT INTO PADRE (ID_GENERO, ID_NACIONALIDAD, NOMBRE_PADRE, APELLIDO_PADRE, CI_PADRE, DIRECCION_PADRE, TELEFONO_PADRE, DOMICILIO_PADRE) VALUES (1, 1, 'FLORENTINO FERNANDO', 'CARDENAS BARRE', '1234132523', 'COSTA AZUL', '0958746859', 'VILLA 1');
INSERT INTO PADRE (ID_GENERO, ID_NACIONALIDAD, NOMBRE_PADRE, APELLIDO_PADRE, CI_PADRE, DIRECCION_PADRE, TELEFONO_PADRE, DOMICILIO_PADRE) VALUES (2, 2, 'TATIANA MARIA', 'BARRE CARDENAS', '1342132525', 'LOS ESTEROS', '0988646850', 'VILLA 2');
INSERT INTO PADRE (ID_GENERO, ID_NACIONALIDAD, NOMBRE_PADRE, APELLIDO_PADRE, CI_PADRE, DIRECCION_PADRE, TELEFONO_PADRE, DOMICILIO_PADRE) VALUES (1, 3, 'JAIME FERNANDO', 'DUARTE LOPEZ', '1450132527', 'COSTA AZUL', '0918546841', 'VILLA 3');
INSERT INTO PADRE (ID_GENERO, ID_NACIONALIDAD, NOMBRE_PADRE, APELLIDO_PADRE, CI_PADRE, DIRECCION_PADRE, TELEFONO_PADRE, DOMICILIO_PADRE) VALUES (2, 1, 'MONSERRATE ANA', 'LUCAS DUARTE', '1558132529', 'LOS ESTEROS', '0948446832', 'VILLA 4');
INSERT INTO PADRE (ID_GENERO, ID_NACIONALIDAD, NOMBRE_PADRE, APELLIDO_PADRE, CI_PADRE, DIRECCION_PADRE, TELEFONO_PADRE, DOMICILIO_PADRE) VALUES (1, 2, 'PETER DIEGO', 'LOPEZ ORDOÑEZ', '1666132531', 'LA AURORA', '0978346823', 'VILLA 5');
INSERT INTO PADRE (ID_GENERO, ID_NACIONALIDAD, NOMBRE_PADRE, APELLIDO_PADRE, CI_PADRE, DIRECCION_PADRE, TELEFONO_PADRE, DOMICILIO_PADRE) VALUES (2, 3, 'MARIA ANTONIA', 'ORDOÑEZ FLORES', '1774132533', 'LAS MARIAS', '0908246814', 'VILLA 6');
INSERT INTO PADRE (ID_GENERO, ID_NACIONALIDAD, NOMBRE_PADRE, APELLIDO_PADRE, CI_PADRE, DIRECCION_PADRE, TELEFONO_PADRE, DOMICILIO_PADRE) VALUES (1, 1, 'FERNANDO PETER', 'FLORES CHICA', '1882132535', 'JOCAY', '0938146805', 'VILLA 7');
INSERT INTO PADRE (ID_GENERO, ID_NACIONALIDAD, NOMBRE_PADRE, APELLIDO_PADRE, CI_PADRE, DIRECCION_PADRE, TELEFONO_PADRE, DOMICILIO_PADRE) VALUES (2, 2, 'MARIA JOSE', 'GUERRERO RIVERA', '1990132537', 'LAS CUMBRES', '0968046796', 'VILLA 8');
INSERT INTO PADRE (ID_GENERO, ID_NACIONALIDAD, NOMBRE_PADRE, APELLIDO_PADRE, CI_PADRE, DIRECCION_PADRE, TELEFONO_PADRE, DOMICILIO_PADRE) VALUES (1, 3, 'DIEGO HERNANDO', 'CHICA LOOR', '2098132539', '15 DE SEPTIEMBRE', '0997946787', 'VILLA 9');
INSERT INTO PADRE (ID_GENERO, ID_NACIONALIDAD, NOMBRE_PADRE, APELLIDO_PADRE, CI_PADRE, DIRECCION_PADRE, TELEFONO_PADRE, DOMICILIO_PADRE) VALUES (2, 1, 'MARCELA ANTONIA', 'CARDONA CARDENAS', '2206132541', 'CORDOVA', '0927846778', 'VILLA 10');
INSERT INTO PADRE (ID_GENERO, ID_NACIONALIDAD, NOMBRE_PADRE, APELLIDO_PADRE, CI_PADRE, DIRECCION_PADRE, TELEFONO_PADRE, DOMICILIO_PADRE) VALUES (1, 2, 'MIKEL JAIME', 'RIVERA DUARTE', '2314132543', 'SAN JUAN', '0957746769', 'VILLA 11');
INSERT INTO PADRE (ID_GENERO, ID_NACIONALIDAD, NOMBRE_PADRE, APELLIDO_PADRE, CI_PADRE, DIRECCION_PADRE, TELEFONO_PADRE, DOMICILIO_PADRE) VALUES (2, 3, 'NANA MONSERRATE', 'PAEZ VERA', '2422132545', 'SAN MATEO', '0987646760', 'VILLA 12');
INSERT INTO PADRE (ID_GENERO, ID_NACIONALIDAD, NOMBRE_PADRE, APELLIDO_PADRE, CI_PADRE, DIRECCION_PADRE, TELEFONO_PADRE, DOMICILIO_PADRE) VALUES (1, 1, 'HERNANDO MARIO', 'MONTIEL PAEZ', '2530132547', 'COSTA AZUL', '0917546751', 'VILLA 13');
INSERT INTO PADRE (ID_GENERO, ID_NACIONALIDAD, NOMBRE_PADRE, APELLIDO_PADRE, CI_PADRE, DIRECCION_PADRE, TELEFONO_PADRE, DOMICILIO_PADRE) VALUES (2, 2, 'ROBERTA ANA', 'ALVARADO CHICA', '2638132549', 'LOS ESTEROS', '0947446742', 'VILLA 14');
INSERT INTO PADRE (ID_GENERO, ID_NACIONALIDAD, NOMBRE_PADRE, APELLIDO_PADRE, CI_PADRE, DIRECCION_PADRE, TELEFONO_PADRE, DOMICILIO_PADRE) VALUES (1, 3, 'MARIO PEDRO', 'LOOR RIVERA', '2746132551', 'ALTAGRACIA', '0977346733', 'VILLA 15');
INSERT INTO PADRE (ID_GENERO, ID_NACIONALIDAD, NOMBRE_PADRE, APELLIDO_PADRE, CI_PADRE, DIRECCION_PADRE, TELEFONO_PADRE, DOMICILIO_PADRE) VALUES (2, 1, 'FLORENTINA MARIA', 'VERA GUERRERO', '2854132553', 'ALTAMIRA', '0907246724', 'VILLA 16');
INSERT INTO PADRE (ID_GENERO, ID_NACIONALIDAD, NOMBRE_PADRE, APELLIDO_PADRE, CI_PADRE, DIRECCION_PADRE, TELEFONO_PADRE, DOMICILIO_PADRE) VALUES (1, 2, 'ALEJANDRO BRYAN', 'PONCE ARCE', '2962132555', 'SAN MATEO', '0917546751', 'VILLA 17');
INSERT INTO PADRE (ID_GENERO, ID_NACIONALIDAD, NOMBRE_PADRE, APELLIDO_PADRE, CI_PADRE, DIRECCION_PADRE, TELEFONO_PADRE, DOMICILIO_PADRE) VALUES (2, 3, 'ESTHER LAIDY', 'PEREZ BECERRA', '3070132557', 'COSTA AZUL', '0947446742', 'VILLA 18');
INSERT INTO PADRE (ID_GENERO, ID_NACIONALIDAD, NOMBRE_PADRE, APELLIDO_PADRE, CI_PADRE, DIRECCION_PADRE, TELEFONO_PADRE, DOMICILIO_PADRE) VALUES (1, 1, 'ERICK MATEO', 'BRIONES NAVARRO', '3178132559', 'LOS ESTEROS', '0977346733', 'VILLA 19');
INSERT INTO PADRE (ID_GENERO, ID_NACIONALIDAD, NOMBRE_PADRE, APELLIDO_PADRE, CI_PADRE, DIRECCION_PADRE, TELEFONO_PADRE, DOMICILIO_PADRE) VALUES (2, 2, 'ZARA JUDITH', 'PAREJO JARA', '3286132561', 'ALTAGRACIA', '0907246724', 'VILLA 20');
INSERT INTO PADRE (ID_GENERO, ID_NACIONALIDAD, NOMBRE_PADRE, APELLIDO_PADRE, CI_PADRE, DIRECCION_PADRE, TELEFONO_PADRE, DOMICILIO_PADRE) VALUES (1, 3, 'DANIEL LEO', 'PAZ MERA', '3394132563', 'ALTAMIRA', '0917546751', 'VILLA 21');
INSERT INTO PADRE (ID_GENERO, ID_NACIONALIDAD, NOMBRE_PADRE, APELLIDO_PADRE, CI_PADRE, DIRECCION_PADRE, TELEFONO_PADRE, DOMICILIO_PADRE) VALUES (2, 1, 'MAITÉ ANA', 'MONTES MARTIN', '3502132565', 'SAN MATEO', '0947446742', 'VILLA 22');
INSERT INTO PADRE (ID_GENERO, ID_NACIONALIDAD, NOMBRE_PADRE, APELLIDO_PADRE, CI_PADRE, DIRECCION_PADRE, TELEFONO_PADRE, DOMICILIO_PADRE) VALUES (1, 2, 'DARIO DAVID', 'MOREIRA SILVA', '3610132567', 'COSTA AZUL', '0977346733', 'VILLA 23');
INSERT INTO PADRE (ID_GENERO, ID_NACIONALIDAD, NOMBRE_PADRE, APELLIDO_PADRE, CI_PADRE, DIRECCION_PADRE, TELEFONO_PADRE, DOMICILIO_PADRE) VALUES (2, 3, 'VANESA ALARCÍ', 'MARTINEZ MOREIRA', '3718132569', 'LOS ESTEROS', '0907246724', 'VILLA 24');
INSERT INTO NINIO (ID_NACIONALIDAD, ID_GENERO, ID_TALLA_ZAPATO, ID_TALLA_VESTIMENTA, CI_NINIO, NOMBRE_NINIO, APELLIDO_NINIO, NACIMIENTO_DATE, ESTADO_MATRICULA) VALUES (1, 1, 1, 1, '1301234537', 'ALEXIS LENIN', 'CARDENAS GALLEGO', '2015-01-06', 'FALSE');
INSERT INTO NINIO (ID_NACIONALIDAD, ID_GENERO, ID_TALLA_ZAPATO, ID_TALLA_VESTIMENTA, CI_NINIO, NOMBRE_NINIO, APELLIDO_NINIO, NACIMIENTO_DATE, ESTADO_MATRICULA) VALUES (1, 2, 2, 2, '1301324538', 'EMILIA MARIA', 'BARRE SIERRA', '2015-01-07', 'FALSE');
INSERT INTO NINIO (ID_NACIONALIDAD, ID_GENERO, ID_TALLA_ZAPATO, ID_TALLA_VESTIMENTA, CI_NINIO, NOMBRE_NINIO, APELLIDO_NINIO, NACIMIENTO_DATE, ESTADO_MATRICULA) VALUES (1, 1, 3, 3, '1301414539', 'IAN BRYAN', 'DUARTE MARQUEZ', '2015-01-08', 'FALSE');
INSERT INTO NINIO (ID_NACIONALIDAD, ID_GENERO, ID_TALLA_ZAPATO, ID_TALLA_VESTIMENTA, CI_NINIO, NOMBRE_NINIO, APELLIDO_NINIO, NACIMIENTO_DATE, ESTADO_MATRICULA) VALUES (1, 2, 1, 4, '1301504540', 'ISABEL ZOE', 'LUCAS MERCHAN', '2014-01-09', 'FALSE');
INSERT INTO NINIO (ID_NACIONALIDAD, ID_GENERO, ID_TALLA_ZAPATO, ID_TALLA_VESTIMENTA, CI_NINIO, NOMBRE_NINIO, APELLIDO_NINIO, NACIMIENTO_DATE, ESTADO_MATRICULA) VALUES (1, 1, 2, 5, '1301594541', 'MIGUEL ANGEL', 'LOPEZ PERELLO', '2014-01-10', 'FALSE');
INSERT INTO NINIO (ID_NACIONALIDAD, ID_GENERO, ID_TALLA_ZAPATO, ID_TALLA_VESTIMENTA, CI_NINIO, NOMBRE_NINIO, APELLIDO_NINIO, NACIMIENTO_DATE, ESTADO_MATRICULA) VALUES (1, 2, 3, 1, '1301684542', 'DIANA ANDREA', 'ORDOÑEZ PORTUGAS', '2014-01-11', 'FALSE');
INSERT INTO NINIO (ID_NACIONALIDAD, ID_GENERO, ID_TALLA_ZAPATO, ID_TALLA_VESTIMENTA, CI_NINIO, NOMBRE_NINIO, APELLIDO_NINIO, NACIMIENTO_DATE, ESTADO_MATRICULA) VALUES (1, 1, 1, 2, '1301774543', 'NOAH DANIEL', 'FLORES BELMONTE', '2016-01-12', 'FALSE');
INSERT INTO NINIO (ID_NACIONALIDAD, ID_GENERO, ID_TALLA_ZAPATO, ID_TALLA_VESTIMENTA, CI_NINIO, NOMBRE_NINIO, APELLIDO_NINIO, NACIMIENTO_DATE, ESTADO_MATRICULA) VALUES (1, 2, 2, 3, '1301864544', 'GALDYS DANIELA', 'GUERRERO COBOS', '2016-01-13', 'FALSE');
INSERT INTO NINIO (ID_NACIONALIDAD, ID_GENERO, ID_TALLA_ZAPATO, ID_TALLA_VESTIMENTA, CI_NINIO, NOMBRE_NINIO, APELLIDO_NINIO, NACIMIENTO_DATE, ESTADO_MATRICULA) VALUES (1, 1, 3, 4, '1301954545', 'TEODORO LEONEL', 'CHICA CASTILLA', '2016-01-14', 'FALSE');
INSERT INTO NINIO (ID_NACIONALIDAD, ID_GENERO, ID_TALLA_ZAPATO, ID_TALLA_VESTIMENTA, CI_NINIO, NOMBRE_NINIO, APELLIDO_NINIO, NACIMIENTO_DATE, ESTADO_MATRICULA) VALUES (1, 2, 1, 5, '1302044546', 'MARIA INES', 'CARDONA OLIVARES', '2015-01-15', 'FALSE');
INSERT INTO NINIO (ID_NACIONALIDAD, ID_GENERO, ID_TALLA_ZAPATO, ID_TALLA_VESTIMENTA, CI_NINIO, NOMBRE_NINIO, APELLIDO_NINIO, NACIMIENTO_DATE, ESTADO_MATRICULA) VALUES (1, 1, 2, 1, '1302134547', 'GREGORIO ARIEL', 'RIVERA NARVAEZ', '2015-01-16', 'FALSE');
INSERT INTO NINIO (ID_NACIONALIDAD, ID_GENERO, ID_TALLA_ZAPATO, ID_TALLA_VESTIMENTA, CI_NINIO, NOMBRE_NINIO, APELLIDO_NINIO, NACIMIENTO_DATE, ESTADO_MATRICULA) VALUES (1, 2, 3, 2, '1302224548', 'AVELINA MISHEL', 'PAEZ OLIVIERA', '2015-01-17', 'FALSE');
INSERT INTO NINIO (ID_NACIONALIDAD, ID_GENERO, ID_TALLA_ZAPATO, ID_TALLA_VESTIMENTA, CI_NINIO, NOMBRE_NINIO, APELLIDO_NINIO, NACIMIENTO_DATE, ESTADO_MATRICULA) VALUES (1, 1, 1, 3, '1302314549', 'ENRIC JUAN', 'MONTIEL JARA', '2017-01-18', 'FALSE');
INSERT INTO NINIO (ID_NACIONALIDAD, ID_GENERO, ID_TALLA_ZAPATO, ID_TALLA_VESTIMENTA, CI_NINIO, NOMBRE_NINIO, APELLIDO_NINIO, NACIMIENTO_DATE, ESTADO_MATRICULA) VALUES (1, 2, 2, 4, '1302404550', 'RAMONA SOFIA', 'ALVARADO BARROS', '2017-01-19', 'FALSE');
INSERT INTO NINIO (ID_NACIONALIDAD, ID_GENERO, ID_TALLA_ZAPATO, ID_TALLA_VESTIMENTA, CI_NINIO, NOMBRE_NINIO, APELLIDO_NINIO, NACIMIENTO_DATE, ESTADO_MATRICULA) VALUES (1, 1, 3, 5, '1302494551', 'POL MARIO', 'LOOR GALVAN', '2017-01-20', 'FALSE');
INSERT INTO NINIO (ID_NACIONALIDAD, ID_GENERO, ID_TALLA_ZAPATO, ID_TALLA_VESTIMENTA, CI_NINIO, NOMBRE_NINIO, APELLIDO_NINIO, NACIMIENTO_DATE, ESTADO_MATRICULA) VALUES (1, 2, 1, 1, '1302584552', 'PALOMA JOHANA', 'VERA CAMACHO', '2016-01-21', 'FALSE');
INSERT INTO NINIO (ID_NACIONALIDAD, ID_GENERO, ID_TALLA_ZAPATO, ID_TALLA_VESTIMENTA, CI_NINIO, NOMBRE_NINIO, APELLIDO_NINIO, NACIMIENTO_DATE, ESTADO_MATRICULA) VALUES (1, 1, 2, 2, '1302674553', 'OMAR ZEUS', 'PONCE SILVESTRE', '2016-01-22', 'FALSE');
INSERT INTO NINIO (ID_NACIONALIDAD, ID_GENERO, ID_TALLA_ZAPATO, ID_TALLA_VESTIMENTA, CI_NINIO, NOMBRE_NINIO, APELLIDO_NINIO, NACIMIENTO_DATE, ESTADO_MATRICULA) VALUES (1, 2, 3, 3, '1302764554', 'AIMAR ROSMARY', 'PEREZ CHEN', '2016-01-23', 'FALSE');
INSERT INTO NINIO (ID_NACIONALIDAD, ID_GENERO, ID_TALLA_ZAPATO, ID_TALLA_VESTIMENTA, CI_NINIO, NOMBRE_NINIO, APELLIDO_NINIO, NACIMIENTO_DATE, ESTADO_MATRICULA) VALUES (1, 1, 1, 4, '1302854555', 'ALEXANDER DAVID', 'BRIONES PAREJA', '2018-01-24', 'FALSE');
INSERT INTO NINIO (ID_NACIONALIDAD, ID_GENERO, ID_TALLA_ZAPATO, ID_TALLA_VESTIMENTA, CI_NINIO, NOMBRE_NINIO, APELLIDO_NINIO, NACIMIENTO_DATE, ESTADO_MATRICULA) VALUES (1, 2, 2, 5, '1302944556', 'DAMARIS CARLA', 'PAREJO PEÑARRIETA', '2018-01-25', 'FALSE');
INSERT INTO NINIO (ID_NACIONALIDAD, ID_GENERO, ID_TALLA_ZAPATO, ID_TALLA_VESTIMENTA, CI_NINIO, NOMBRE_NINIO, APELLIDO_NINIO, NACIMIENTO_DATE, ESTADO_MATRICULA) VALUES (1, 1, 3, 1, '1303034557', 'MAXIMO DORIAN', 'PAZ MARTIN', '2018-01-26', 'FALSE');
INSERT INTO NINIO (ID_NACIONALIDAD, ID_GENERO, ID_TALLA_ZAPATO, ID_TALLA_VESTIMENTA, CI_NINIO, NOMBRE_NINIO, APELLIDO_NINIO, NACIMIENTO_DATE, ESTADO_MATRICULA) VALUES (1, 2, 1, 2, '1303124558', 'ASCENSION AZUCENA', 'MONTES NOVOA', '2017-01-27', 'FALSE');
INSERT INTO NINIO (ID_NACIONALIDAD, ID_GENERO, ID_TALLA_ZAPATO, ID_TALLA_VESTIMENTA, CI_NINIO, NOMBRE_NINIO, APELLIDO_NINIO, NACIMIENTO_DATE, ESTADO_MATRICULA) VALUES (1, 1, 2, 3, '1303214559', 'ABRHAM JOSE', 'MOREIRA MALDONADO', '2017-01-28', 'FALSE');
INSERT INTO NINIO (ID_NACIONALIDAD, ID_GENERO, ID_TALLA_ZAPATO, ID_TALLA_VESTIMENTA, CI_NINIO, NOMBRE_NINIO, APELLIDO_NINIO, NACIMIENTO_DATE, ESTADO_MATRICULA) VALUES (1, 2, 3, 4, '1303304560', 'SOFIA SHEILA', 'MARTINEZ FONSECA', '2017-01-29', 'FALSE');
INSERT INTO ESTADO_SALUD (ID_NINIO, ULTIMA_FECHA_ENFERMO, DIAGNOSTICO, DOCTOR_TRATANTE) VALUES (1, '2018-01-02', 'EL NIÑO PRESENTABA SINTOMAS DE UNA FUERTE ALERGÍA', 'DR. MARCELO MILÁN');
INSERT INTO ESTADO_SALUD (ID_NINIO, ULTIMA_FECHA_ENFERMO, DIAGNOSTICO, DOCTOR_TRATANTE) VALUES (2, '2018-01-03', 'LA NIÑA PRESENTABA SINTOMAS DE UNA FUERTE ALERGÍA', 'DR. MARCELO MILÁN');
INSERT INTO ESTADO_SALUD (ID_NINIO, ULTIMA_FECHA_ENFERMO, DIAGNOSTICO, DOCTOR_TRATANTE) VALUES (3, '2018-01-04', 'EL NIÑO PRESENTABA SINTOMAS DE UNA FUERTE ALERGÍA', 'DR. MARCELO MILÁN');
INSERT INTO ESTADO_SALUD (ID_NINIO, ULTIMA_FECHA_ENFERMO, DIAGNOSTICO, DOCTOR_TRATANTE) VALUES (4, '2018-01-01', 'LA NIÑA PRESENTABA SINTOMAS DE UNA FUERTE ALERGÍA', 'DR. MARCELO MILÁN');
INSERT INTO ESTADO_SALUD (ID_NINIO, ULTIMA_FECHA_ENFERMO, DIAGNOSTICO, DOCTOR_TRATANTE) VALUES (5, '2018-01-05', 'EL NIÑO PRESENTABA SINTOMAS DE UNA FUERTE ALERGÍA', 'DR. MARCELO MILÁN');
INSERT INTO ESTADO_SALUD (ID_NINIO, ULTIMA_FECHA_ENFERMO, DIAGNOSTICO, DOCTOR_TRATANTE) VALUES (6, '2018-01-06', 'LA NIÑA PRESENTABA SINTOMAS DE UNA FUERTE ALERGÍA', 'DR. MARCELO MILÁN');
INSERT INTO ESTADO_SALUD (ID_NINIO, ULTIMA_FECHA_ENFERMO, DIAGNOSTICO, DOCTOR_TRATANTE) VALUES (7, '2017-02-23', 'EL NIÑO HA ESTADO CON FUERTE FIEBRE DEBIDO A SU ALERGÍA AL POLÉN', 'DR. MEDARDO SILVA');
INSERT INTO ESTADO_SALUD (ID_NINIO, ULTIMA_FECHA_ENFERMO, DIAGNOSTICO, DOCTOR_TRATANTE) VALUES (8, '2017-02-24', 'LA NIÑA HA ESTADO CON FUERTE FIEBRE DEBIDO A SU ALERGÍA AL POLÉN', 'DR. MEDARDO SILVA');
INSERT INTO ESTADO_SALUD (ID_NINIO, ULTIMA_FECHA_ENFERMO, DIAGNOSTICO, DOCTOR_TRATANTE) VALUES (9, '2017-02-25', 'EL NIÑO HA ESTADO CON FUERTE FIEBRE DEBIDO A SU ALERGÍA AL POLÉN', 'DR. MEDARDO SILVA');
INSERT INTO ESTADO_SALUD (ID_NINIO, ULTIMA_FECHA_ENFERMO, DIAGNOSTICO, DOCTOR_TRATANTE) VALUES (10, '2017-02-22', 'LA NIÑA HA ESTADO CON FUERTE FIEBRE DEBIDO A SU ALERGÍA AL POLÉN', 'DR. MEDARDO SILVA');
INSERT INTO ESTADO_SALUD (ID_NINIO, ULTIMA_FECHA_ENFERMO, DIAGNOSTICO, DOCTOR_TRATANTE) VALUES (11, '2017-02-26', 'EL NIÑO HA ESTADO CON FUERTE FIEBRE DEBIDO A SU ALERGÍA AL POLÉN', 'DR. MEDARDO SILVA');
INSERT INTO ESTADO_SALUD (ID_NINIO, ULTIMA_FECHA_ENFERMO, DIAGNOSTICO, DOCTOR_TRATANTE) VALUES (12, '2017-02-27', 'LA NIÑA HA ESTADO CON FUERTE FIEBRE DEBIDO A SU ALERGÍA AL POLÉN', 'DR. MEDARDO SILVA');
INSERT INTO ESTADO_SALUD (ID_NINIO, ULTIMA_FECHA_ENFERMO, DIAGNOSTICO, DOCTOR_TRATANTE) VALUES (13, '2018-05-06', 'EL NIÑO SUFRIÓ DE UN RECIENTE SALPULLIDO DEBIDO A SU ALERGÍA AL CALOR', 'DR. WILLIAM GUILLERM');
INSERT INTO ESTADO_SALUD (ID_NINIO, ULTIMA_FECHA_ENFERMO, DIAGNOSTICO, DOCTOR_TRATANTE) VALUES (14, '2018-05-07', 'LA NIÑA SUFRIÓ DE UN RECIENTE SALPULLIDO DEBIDO A SU ALERGÍA AL CALOR', 'DR. WILLIAM GUILLERM');
INSERT INTO ESTADO_SALUD (ID_NINIO, ULTIMA_FECHA_ENFERMO, DIAGNOSTICO, DOCTOR_TRATANTE) VALUES (15, '2018-05-08', 'EL NIÑO SUFRIÓ DE UN RECIENTE SALPULLIDO DEBIDO A SU ALERGÍA AL CALOR', 'DR. WILLIAM GUILLERM');
INSERT INTO ESTADO_SALUD (ID_NINIO, ULTIMA_FECHA_ENFERMO, DIAGNOSTICO, DOCTOR_TRATANTE) VALUES (16, '2018-05-05', 'LA NIÑA SUFRIÓ DE UN RECIENTE SALPULLIDO DEBIDO A SU ALERGÍA AL CALOR', 'DR. WILLIAM GUILLERM');
INSERT INTO ESTADO_SALUD (ID_NINIO, ULTIMA_FECHA_ENFERMO, DIAGNOSTICO, DOCTOR_TRATANTE) VALUES (17, '2018-05-09', 'EL NIÑO SUFRIÓ DE UN RECIENTE SALPULLIDO DEBIDO A SU ALERGÍA AL CALOR', 'DR. WILLIAM GUILLERM');
INSERT INTO ESTADO_SALUD (ID_NINIO, ULTIMA_FECHA_ENFERMO, DIAGNOSTICO, DOCTOR_TRATANTE) VALUES (18, '2018-05-10', 'LA NIÑA SUFRIÓ DE UN RECIENTE SALPULLIDO DEBIDO A SU ALERGÍA AL CALOR', 'DR. WILLIAM GUILLERM');
INSERT INTO ESTADO_SALUD (ID_NINIO, ULTIMA_FECHA_ENFERMO, DIAGNOSTICO, DOCTOR_TRATANTE) VALUES (19, '2020-06-01', 'EL BEBÉ SE ENCUENTRA BIEN PERO PODRÍA EMPEORAR', 'DR. PEDRO PICAPIEDRA');
INSERT INTO ESTADO_SALUD (ID_NINIO, ULTIMA_FECHA_ENFERMO, DIAGNOSTICO, DOCTOR_TRATANTE) VALUES (20, '2020-06-03', 'LA BEBÉ SE ENCUENTRA BIEN PERO PODRÍA EMPEORAR', 'DR. PEDRO PICAPIEDRA');
INSERT INTO ESTADO_SALUD (ID_NINIO, ULTIMA_FECHA_ENFERMO, DIAGNOSTICO, DOCTOR_TRATANTE) VALUES (21, '2020-06-04', 'EL BEBÉ SE ENCUENTRA BIEN PERO PODRÍA EMPEORAR', 'DR. PEDRO PICAPIEDRA');
INSERT INTO ESTADO_SALUD (ID_NINIO, ULTIMA_FECHA_ENFERMO, DIAGNOSTICO, DOCTOR_TRATANTE) VALUES (22, '2020-06-05', 'LA BEBÉ SE ENCUENTRA BIEN PERO PODRÍA EMPEORAR', 'DR. PEDRO PICAPIEDRA');
INSERT INTO ESTADO_SALUD (ID_NINIO, ULTIMA_FECHA_ENFERMO, DIAGNOSTICO, DOCTOR_TRATANTE) VALUES (23, '2020-06-06', 'EL BEBÉ SE ENCUENTRA BIEN PERO PODRÍA EMPEORAR', 'DR. PEDRO PICAPIEDRA');
INSERT INTO ESTADO_SALUD (ID_NINIO, ULTIMA_FECHA_ENFERMO, DIAGNOSTICO, DOCTOR_TRATANTE) VALUES (24, '2020-06-07', 'LA BEBÉ SE ENCUENTRA BIEN PERO PODRÍA EMPEORAR', 'DR. PEDRO PICAPIEDRA');
INSERT INTO SALUD_ALERGIAS_RELATION (ID_ALERGIA, ID_SALUD_STAT) VALUES (1, 1);
INSERT INTO SALUD_ALERGIAS_RELATION (ID_ALERGIA, ID_SALUD_STAT) VALUES (2, 2);
INSERT INTO SALUD_ALERGIAS_RELATION (ID_ALERGIA, ID_SALUD_STAT) VALUES (1, 2);
INSERT INTO SALUD_ALERGIAS_RELATION (ID_ALERGIA, ID_SALUD_STAT) VALUES (3, 3);
INSERT INTO SALUD_ALERGIAS_RELATION (ID_ALERGIA, ID_SALUD_STAT) VALUES (4, 4);
INSERT INTO SALUD_ALERGIAS_RELATION (ID_ALERGIA, ID_SALUD_STAT) VALUES (5, 5);
INSERT INTO SALUD_ALERGIAS_RELATION (ID_ALERGIA, ID_SALUD_STAT) VALUES (6, 6);
INSERT INTO SALUD_ALERGIAS_RELATION (ID_ALERGIA, ID_SALUD_STAT) VALUES (1, 7);
INSERT INTO SALUD_ALERGIAS_RELATION (ID_ALERGIA, ID_SALUD_STAT) VALUES (2, 8);
INSERT INTO SALUD_ALERGIAS_RELATION (ID_ALERGIA, ID_SALUD_STAT) VALUES (3, 8);
INSERT INTO SALUD_ALERGIAS_RELATION (ID_ALERGIA, ID_SALUD_STAT) VALUES (3, 9);
INSERT INTO SALUD_ALERGIAS_RELATION (ID_ALERGIA, ID_SALUD_STAT) VALUES (4, 10);
INSERT INTO SALUD_ALERGIAS_RELATION (ID_ALERGIA, ID_SALUD_STAT) VALUES (5, 11);
INSERT INTO SALUD_ALERGIAS_RELATION (ID_ALERGIA, ID_SALUD_STAT) VALUES (6, 12);
INSERT INTO SALUD_ALERGIAS_RELATION (ID_ALERGIA, ID_SALUD_STAT) VALUES (1, 13);
INSERT INTO SALUD_ALERGIAS_RELATION (ID_ALERGIA, ID_SALUD_STAT) VALUES (2, 14);
INSERT INTO SALUD_ALERGIAS_RELATION (ID_ALERGIA, ID_SALUD_STAT) VALUES (4, 14);
INSERT INTO SALUD_ALERGIAS_RELATION (ID_ALERGIA, ID_SALUD_STAT) VALUES (3, 15);
INSERT INTO SALUD_ALERGIAS_RELATION (ID_ALERGIA, ID_SALUD_STAT) VALUES (4, 16);
INSERT INTO SALUD_ALERGIAS_RELATION (ID_ALERGIA, ID_SALUD_STAT) VALUES (5, 17);
INSERT INTO SALUD_ALERGIAS_RELATION (ID_ALERGIA, ID_SALUD_STAT) VALUES (6, 18);
INSERT INTO SALUD_ALERGIAS_RELATION (ID_ALERGIA, ID_SALUD_STAT) VALUES (1, 19);
INSERT INTO SALUD_ALERGIAS_RELATION (ID_ALERGIA, ID_SALUD_STAT) VALUES (2, 20);
INSERT INTO SALUD_ALERGIAS_RELATION (ID_ALERGIA, ID_SALUD_STAT) VALUES (6, 20);
INSERT INTO SALUD_ALERGIAS_RELATION (ID_ALERGIA, ID_SALUD_STAT) VALUES (3, 21);
INSERT INTO SALUD_ALERGIAS_RELATION (ID_ALERGIA, ID_SALUD_STAT) VALUES (4, 22);
INSERT INTO SALUD_ALERGIAS_RELATION (ID_ALERGIA, ID_SALUD_STAT) VALUES (5, 23);
INSERT INTO SALUD_ALERGIAS_RELATION (ID_ALERGIA, ID_SALUD_STAT) VALUES (6, 24);
INSERT INTO SALUD_MEDICAMENT_RELATION (ID_MEDICAMENTO, ID_SALUD_STAT) VALUES (1, 1);
INSERT INTO SALUD_MEDICAMENT_RELATION (ID_MEDICAMENTO, ID_SALUD_STAT) VALUES (2, 2);
INSERT INTO SALUD_MEDICAMENT_RELATION (ID_MEDICAMENTO, ID_SALUD_STAT) VALUES (3, 3);
INSERT INTO SALUD_MEDICAMENT_RELATION (ID_MEDICAMENTO, ID_SALUD_STAT) VALUES (1, 3);
INSERT INTO SALUD_MEDICAMENT_RELATION (ID_MEDICAMENTO, ID_SALUD_STAT) VALUES (1, 4);
INSERT INTO SALUD_MEDICAMENT_RELATION (ID_MEDICAMENTO, ID_SALUD_STAT) VALUES (2, 5);
INSERT INTO SALUD_MEDICAMENT_RELATION (ID_MEDICAMENTO, ID_SALUD_STAT) VALUES (3, 6);
INSERT INTO SALUD_MEDICAMENT_RELATION (ID_MEDICAMENTO, ID_SALUD_STAT) VALUES (1, 7);
INSERT INTO SALUD_MEDICAMENT_RELATION (ID_MEDICAMENTO, ID_SALUD_STAT) VALUES (2, 8);
INSERT INTO SALUD_MEDICAMENT_RELATION (ID_MEDICAMENTO, ID_SALUD_STAT) VALUES (3, 9);
INSERT INTO SALUD_MEDICAMENT_RELATION (ID_MEDICAMENTO, ID_SALUD_STAT) VALUES (1, 10);
INSERT INTO SALUD_MEDICAMENT_RELATION (ID_MEDICAMENTO, ID_SALUD_STAT) VALUES (2, 11);
INSERT INTO SALUD_MEDICAMENT_RELATION (ID_MEDICAMENTO, ID_SALUD_STAT) VALUES (3, 12);
INSERT INTO SALUD_MEDICAMENT_RELATION (ID_MEDICAMENTO, ID_SALUD_STAT) VALUES (1, 13);
INSERT INTO SALUD_MEDICAMENT_RELATION (ID_MEDICAMENTO, ID_SALUD_STAT) VALUES (2, 14);
INSERT INTO SALUD_MEDICAMENT_RELATION (ID_MEDICAMENTO, ID_SALUD_STAT) VALUES (1, 14);
INSERT INTO SALUD_MEDICAMENT_RELATION (ID_MEDICAMENTO, ID_SALUD_STAT) VALUES (3, 15);
INSERT INTO SALUD_MEDICAMENT_RELATION (ID_MEDICAMENTO, ID_SALUD_STAT) VALUES (1, 16);
INSERT INTO SALUD_MEDICAMENT_RELATION (ID_MEDICAMENTO, ID_SALUD_STAT) VALUES (2, 17);
INSERT INTO SALUD_MEDICAMENT_RELATION (ID_MEDICAMENTO, ID_SALUD_STAT) VALUES (3, 17);
INSERT INTO SALUD_MEDICAMENT_RELATION (ID_MEDICAMENTO, ID_SALUD_STAT) VALUES (3, 18);
INSERT INTO SALUD_MEDICAMENT_RELATION (ID_MEDICAMENTO, ID_SALUD_STAT) VALUES (1, 19);
INSERT INTO SALUD_MEDICAMENT_RELATION (ID_MEDICAMENTO, ID_SALUD_STAT) VALUES (2, 20);
INSERT INTO SALUD_MEDICAMENT_RELATION (ID_MEDICAMENTO, ID_SALUD_STAT) VALUES (3, 20);
INSERT INTO SALUD_MEDICAMENT_RELATION (ID_MEDICAMENTO, ID_SALUD_STAT) VALUES (3, 21);
INSERT INTO SALUD_MEDICAMENT_RELATION (ID_MEDICAMENTO, ID_SALUD_STAT) VALUES (1, 22);
INSERT INTO SALUD_MEDICAMENT_RELATION (ID_MEDICAMENTO, ID_SALUD_STAT) VALUES (2, 23);
INSERT INTO SALUD_MEDICAMENT_RELATION (ID_MEDICAMENTO, ID_SALUD_STAT) VALUES (3, 24);
INSERT INTO TUTOR (ID_GENERO, ID_NACIONALIDAD, ID_PARENTESCO, NOMBRE_TUTOR, APELLIDO_TUTOR, CI_TUTOR, DIRECCION_TUTOR, TELEFONO_TUTOR, DOMICILIO_TUTOR, MOTIVO) VALUES (1, 1, 1, 'FERNANDO FLORENTINO', 'CARDENAS BARRE', '1234132523', 'COSTA AZUL', '0958746859', 'VILLA 1', 'LOS PADRES POR TRABAJO NO PUEDEN ESTAR CON EL NIÑO');
INSERT INTO TUTOR (ID_GENERO, ID_NACIONALIDAD, ID_PARENTESCO, NOMBRE_TUTOR, APELLIDO_TUTOR, CI_TUTOR, DIRECCION_TUTOR, TELEFONO_TUTOR, DOMICILIO_TUTOR, MOTIVO) VALUES (2, 2, 2, 'MARIA TATIANA', 'BARRE CARDENAS', '1342132525', 'LOS ESTEROS', '0988646850', 'VILLA 2', 'NO POSEE PADRE Y SU MADRE ESTÁ EN UN MANICOMIO');
INSERT INTO TUTOR (ID_GENERO, ID_NACIONALIDAD, ID_PARENTESCO, NOMBRE_TUTOR, APELLIDO_TUTOR, CI_TUTOR, DIRECCION_TUTOR, TELEFONO_TUTOR, DOMICILIO_TUTOR, MOTIVO) VALUES (1, 3, 3, 'FERNANDO JAIME', 'DUARTE LOPEZ', '1450132527', 'COSTA AZUL', '0918546841', 'VILLA 3', 'SUS PADRES SE LO DEJARON ENCARGADO, Y SE FUERON A OTRO PAÍS POR TRABAJO');
INSERT INTO TUTOR (ID_GENERO, ID_NACIONALIDAD, ID_PARENTESCO, NOMBRE_TUTOR, APELLIDO_TUTOR, CI_TUTOR, DIRECCION_TUTOR, TELEFONO_TUTOR, DOMICILIO_TUTOR, MOTIVO) VALUES (2, 1, 4, 'ANA MONSERRATE', 'LUCAS DUARTE', '1558132529', 'LOS ESTEROS', '0948446832', 'VILLA 4', 'SUS PADRES FALLECIERON EN UN ACCIDENTE DONDE SE QUEMÓ LA CASA');
INSERT INTO TUTOR (ID_GENERO, ID_NACIONALIDAD, ID_PARENTESCO, NOMBRE_TUTOR, APELLIDO_TUTOR, CI_TUTOR, DIRECCION_TUTOR, TELEFONO_TUTOR, DOMICILIO_TUTOR, MOTIVO) VALUES (1, 2, 5, 'DIEGO PETER', 'LOPEZ ORDOÑEZ', '1666132531', 'LA AURORA', '0978346823', 'VILLA 5', 'NO POSEE PADRE Y SU MADRE ESTÁ EN UN MANICOMIO');
INSERT INTO TUTOR (ID_GENERO, ID_NACIONALIDAD, ID_PARENTESCO, NOMBRE_TUTOR, APELLIDO_TUTOR, CI_TUTOR, DIRECCION_TUTOR, TELEFONO_TUTOR, DOMICILIO_TUTOR, MOTIVO) VALUES (2, 3, 1, 'ANTONIA MARIA', 'ORDOÑEZ FLORES', '1774132533', 'LAS MARIAS', '0908246814', 'VILLA 6', 'SUS PADRES FALLECIERON EN UN ACCIDENTE DONDE SE QUEMÓ LA CASA');
INSERT INTO TUTOR (ID_GENERO, ID_NACIONALIDAD, ID_PARENTESCO, NOMBRE_TUTOR, APELLIDO_TUTOR, CI_TUTOR, DIRECCION_TUTOR, TELEFONO_TUTOR, DOMICILIO_TUTOR, MOTIVO) VALUES (1, 1, 2, 'PETER FERNANDO', 'FLORES CHICA', '1882132535', 'JOCAY', '0938146805', 'VILLA 7', 'NO POSEE PADRE Y SU MADRE ESTÁ EN UN MANICOMIO');
INSERT INTO TUTORES_NINIOS_RELATION (ID_NINIO, ID_TUTOR) VALUES (1, 1);
INSERT INTO TUTORES_NINIOS_RELATION (ID_NINIO, ID_TUTOR) VALUES (6, 2);
INSERT INTO TUTORES_NINIOS_RELATION (ID_NINIO, ID_TUTOR) VALUES (11, 3);
INSERT INTO TUTORES_NINIOS_RELATION (ID_NINIO, ID_TUTOR) VALUES (18, 4);
INSERT INTO TUTORES_NINIOS_RELATION (ID_NINIO, ID_TUTOR) VALUES (17, 5);
INSERT INTO TUTORES_NINIOS_RELATION (ID_NINIO, ID_TUTOR) VALUES (23, 6);
INSERT INTO TUTORES_NINIOS_RELATION (ID_NINIO, ID_TUTOR) VALUES (24, 7);
INSERT INTO RELACION_PADRE_NINIO (ID_PADRE, ID_NINIO) VALUES (1, 1);
INSERT INTO RELACION_PADRE_NINIO (ID_PADRE, ID_NINIO) VALUES (2, 2);
INSERT INTO RELACION_PADRE_NINIO (ID_PADRE, ID_NINIO) VALUES (3, 3);
INSERT INTO RELACION_PADRE_NINIO (ID_PADRE, ID_NINIO) VALUES (4, 4);
INSERT INTO RELACION_PADRE_NINIO (ID_PADRE, ID_NINIO) VALUES (5, 5);
INSERT INTO RELACION_PADRE_NINIO (ID_PADRE, ID_NINIO) VALUES (6, 6);
INSERT INTO RELACION_PADRE_NINIO (ID_PADRE, ID_NINIO) VALUES (7, 7);
INSERT INTO RELACION_PADRE_NINIO (ID_PADRE, ID_NINIO) VALUES (8, 8);
INSERT INTO RELACION_PADRE_NINIO (ID_PADRE, ID_NINIO) VALUES (9, 9);
INSERT INTO RELACION_PADRE_NINIO (ID_PADRE, ID_NINIO) VALUES (10, 10);
INSERT INTO RELACION_PADRE_NINIO (ID_PADRE, ID_NINIO) VALUES (11, 11);
INSERT INTO RELACION_PADRE_NINIO (ID_PADRE, ID_NINIO) VALUES (12, 12);
INSERT INTO RELACION_PADRE_NINIO (ID_PADRE, ID_NINIO) VALUES (13, 13);
INSERT INTO RELACION_PADRE_NINIO (ID_PADRE, ID_NINIO) VALUES (14, 14);
INSERT INTO RELACION_PADRE_NINIO (ID_PADRE, ID_NINIO) VALUES (16, 16);
INSERT INTO RELACION_PADRE_NINIO (ID_PADRE, ID_NINIO) VALUES (17, 17);
INSERT INTO RELACION_PADRE_NINIO (ID_PADRE, ID_NINIO) VALUES (18, 18);
INSERT INTO RELACION_PADRE_NINIO (ID_PADRE, ID_NINIO) VALUES (19, 19);
INSERT INTO RELACION_PADRE_NINIO (ID_PADRE, ID_NINIO) VALUES (20, 20);
INSERT INTO RELACION_PADRE_NINIO (ID_PADRE, ID_NINIO) VALUES (21, 21);
INSERT INTO RELACION_PADRE_NINIO (ID_PADRE, ID_NINIO) VALUES (22, 22);
INSERT INTO RELACION_PADRE_NINIO (ID_PADRE, ID_NINIO) VALUES (23, 23);
INSERT INTO RELACION_PADRE_NINIO (ID_PADRE, ID_NINIO) VALUES (24, 24);
INSERT INTO RENDIMIENTO (ID_ACTIVIDAD, ID_NINIO, ID_TIPO_RENDIMIENT, OBSERVACIONES) VALUES (1, 1, 1, 'EL NIÑO NO RINDIÓ BIEN');
INSERT INTO RENDIMIENTO (ID_ACTIVIDAD, ID_NINIO, ID_TIPO_RENDIMIENT, OBSERVACIONES) VALUES (2, 1, 2, 'EL NIÑO RINDIÓ BIEN');
INSERT INTO RENDIMIENTO (ID_ACTIVIDAD, ID_NINIO, ID_TIPO_RENDIMIENT, OBSERVACIONES) VALUES (3, 1, 3, 'EL NIÑO RINDIÓ EXCELENTE');
INSERT INTO RENDIMIENTO (ID_ACTIVIDAD, ID_NINIO, ID_TIPO_RENDIMIENT, OBSERVACIONES) VALUES (4, 1, 3, 'EL NIÑO RINDIÓ EXCELENTE');
INSERT INTO RENDIMIENTO (ID_ACTIVIDAD, ID_NINIO, ID_TIPO_RENDIMIENT, OBSERVACIONES) VALUES (1, 2, 1, 'EL NIÑO NO RINDIÓ BIEN');
INSERT INTO RENDIMIENTO (ID_ACTIVIDAD, ID_NINIO, ID_TIPO_RENDIMIENT, OBSERVACIONES) VALUES (2, 2, 2, 'EL NIÑO RINDIÓ BIEN');
INSERT INTO RENDIMIENTO (ID_ACTIVIDAD, ID_NINIO, ID_TIPO_RENDIMIENT, OBSERVACIONES) VALUES (3, 2, 3, 'EL NIÑO RINDIÓ EXCELENTE');
INSERT INTO RENDIMIENTO (ID_ACTIVIDAD, ID_NINIO, ID_TIPO_RENDIMIENT, OBSERVACIONES) VALUES (4, 2, 3, 'EL NIÑO RINDIÓ EXCELENTE');
INSERT INTO RENDIMIENTO (ID_ACTIVIDAD, ID_NINIO, ID_TIPO_RENDIMIENT, OBSERVACIONES) VALUES (1, 3, 1, 'EL NIÑO NO RINDIÓ BIEN');
INSERT INTO RENDIMIENTO (ID_ACTIVIDAD, ID_NINIO, ID_TIPO_RENDIMIENT, OBSERVACIONES) VALUES (2, 3, 2, 'EL NIÑO RINDIÓ BIEN');
INSERT INTO RENDIMIENTO (ID_ACTIVIDAD, ID_NINIO, ID_TIPO_RENDIMIENT, OBSERVACIONES) VALUES (3, 3, 3, 'EL NIÑO RINDIÓ EXCELENTE');
INSERT INTO RENDIMIENTO (ID_ACTIVIDAD, ID_NINIO, ID_TIPO_RENDIMIENT, OBSERVACIONES) VALUES (4, 3, 3, 'EL NIÑO RINDIÓ EXCELENTE');
INSERT INTO RENDIMIENTO (ID_ACTIVIDAD, ID_NINIO, ID_TIPO_RENDIMIENT, OBSERVACIONES) VALUES (1, 4, 1, 'EL NIÑO NO RINDIÓ BIEN');
INSERT INTO RENDIMIENTO (ID_ACTIVIDAD, ID_NINIO, ID_TIPO_RENDIMIENT, OBSERVACIONES) VALUES (2, 4, 2, 'EL NIÑO RINDIÓ BIEN');
INSERT INTO RENDIMIENTO (ID_ACTIVIDAD, ID_NINIO, ID_TIPO_RENDIMIENT, OBSERVACIONES) VALUES (3, 4, 3, 'EL NIÑO RINDIÓ EXCELENTE');
INSERT INTO RENDIMIENTO (ID_ACTIVIDAD, ID_NINIO, ID_TIPO_RENDIMIENT, OBSERVACIONES) VALUES (4, 4, 3, 'EL NIÑO RINDIÓ EXCELENTE');
INSERT INTO RENDIMIENTO (ID_ACTIVIDAD, ID_NINIO, ID_TIPO_RENDIMIENT, OBSERVACIONES) VALUES (1, 5, 1, 'EL NIÑO NO RINDIÓ BIEN');
INSERT INTO RENDIMIENTO (ID_ACTIVIDAD, ID_NINIO, ID_TIPO_RENDIMIENT, OBSERVACIONES) VALUES (2, 5, 2, 'EL NIÑO RINDIÓ BIEN');
INSERT INTO RENDIMIENTO (ID_ACTIVIDAD, ID_NINIO, ID_TIPO_RENDIMIENT, OBSERVACIONES) VALUES (3, 5, 3, 'EL NIÑO RINDIÓ EXCELENTE');
INSERT INTO RENDIMIENTO (ID_ACTIVIDAD, ID_NINIO, ID_TIPO_RENDIMIENT, OBSERVACIONES) VALUES (4, 5, 3, 'EL NIÑO RINDIÓ EXCELENTE');
INSERT INTO RENDIMIENTO (ID_ACTIVIDAD, ID_NINIO, ID_TIPO_RENDIMIENT, OBSERVACIONES) VALUES (1, 6, 1, 'EL NIÑO NO RINDIÓ BIEN');
INSERT INTO RENDIMIENTO (ID_ACTIVIDAD, ID_NINIO, ID_TIPO_RENDIMIENT, OBSERVACIONES) VALUES (2, 6, 2, 'EL NIÑO RINDIÓ BIEN');
INSERT INTO RENDIMIENTO (ID_ACTIVIDAD, ID_NINIO, ID_TIPO_RENDIMIENT, OBSERVACIONES) VALUES (3, 6, 3, 'EL NIÑO RINDIÓ EXCELENTE');
INSERT INTO RENDIMIENTO (ID_ACTIVIDAD, ID_NINIO, ID_TIPO_RENDIMIENT, OBSERVACIONES) VALUES (4, 6, 3, 'EL NIÑO RINDIÓ EXCELENTE');
INSERT INTO RENDIMIENTO (ID_ACTIVIDAD, ID_NINIO, ID_TIPO_RENDIMIENT, OBSERVACIONES) VALUES (5, 7, 1, 'EL NIÑO NO RINDIÓ BIEN');
INSERT INTO RENDIMIENTO (ID_ACTIVIDAD, ID_NINIO, ID_TIPO_RENDIMIENT, OBSERVACIONES) VALUES (6, 7, 2, 'EL NIÑO RINDIÓ BIEN');
INSERT INTO RENDIMIENTO (ID_ACTIVIDAD, ID_NINIO, ID_TIPO_RENDIMIENT, OBSERVACIONES) VALUES (7, 7, 3, 'EL NIÑO RINDIÓ EXCELENTE');
INSERT INTO RENDIMIENTO (ID_ACTIVIDAD, ID_NINIO, ID_TIPO_RENDIMIENT, OBSERVACIONES) VALUES (8, 7, 3, 'EL NIÑO RINDIÓ EXCELENTE');
INSERT INTO RENDIMIENTO (ID_ACTIVIDAD, ID_NINIO, ID_TIPO_RENDIMIENT, OBSERVACIONES) VALUES (5, 8, 1, 'EL NIÑO NO RINDIÓ BIEN');
INSERT INTO RENDIMIENTO (ID_ACTIVIDAD, ID_NINIO, ID_TIPO_RENDIMIENT, OBSERVACIONES) VALUES (6, 8, 2, 'EL NIÑO RINDIÓ BIEN');
INSERT INTO RENDIMIENTO (ID_ACTIVIDAD, ID_NINIO, ID_TIPO_RENDIMIENT, OBSERVACIONES) VALUES (7, 8, 3, 'EL NIÑO RINDIÓ EXCELENTE');
INSERT INTO RENDIMIENTO (ID_ACTIVIDAD, ID_NINIO, ID_TIPO_RENDIMIENT, OBSERVACIONES) VALUES (8, 8, 3, 'EL NIÑO RINDIÓ EXCELENTE');
INSERT INTO RENDIMIENTO (ID_ACTIVIDAD, ID_NINIO, ID_TIPO_RENDIMIENT, OBSERVACIONES) VALUES (5, 9, 1, 'EL NIÑO NO RINDIÓ BIEN');
INSERT INTO RENDIMIENTO (ID_ACTIVIDAD, ID_NINIO, ID_TIPO_RENDIMIENT, OBSERVACIONES) VALUES (6, 9, 2, 'EL NIÑO RINDIÓ BIEN');
INSERT INTO RENDIMIENTO (ID_ACTIVIDAD, ID_NINIO, ID_TIPO_RENDIMIENT, OBSERVACIONES) VALUES (7, 9, 3, 'EL NIÑO RINDIÓ EXCELENTE');
INSERT INTO RENDIMIENTO (ID_ACTIVIDAD, ID_NINIO, ID_TIPO_RENDIMIENT, OBSERVACIONES) VALUES (8, 9, 3, 'EL NIÑO RINDIÓ EXCELENTE');
INSERT INTO RENDIMIENTO (ID_ACTIVIDAD, ID_NINIO, ID_TIPO_RENDIMIENT, OBSERVACIONES) VALUES (5, 10, 1, 'EL NIÑO NO RINDIÓ BIEN');
INSERT INTO RENDIMIENTO (ID_ACTIVIDAD, ID_NINIO, ID_TIPO_RENDIMIENT, OBSERVACIONES) VALUES (6, 10, 2, 'EL NIÑO RINDIÓ BIEN');
INSERT INTO RENDIMIENTO (ID_ACTIVIDAD, ID_NINIO, ID_TIPO_RENDIMIENT, OBSERVACIONES) VALUES (7, 10, 3, 'EL NIÑO RINDIÓ EXCELENTE');
INSERT INTO RENDIMIENTO (ID_ACTIVIDAD, ID_NINIO, ID_TIPO_RENDIMIENT, OBSERVACIONES) VALUES (8, 10, 3, 'EL NIÑO RINDIÓ EXCELENTE');
INSERT INTO RENDIMIENTO (ID_ACTIVIDAD, ID_NINIO, ID_TIPO_RENDIMIENT, OBSERVACIONES) VALUES (5, 11, 1, 'EL NIÑO NO RINDIÓ BIEN');
INSERT INTO RENDIMIENTO (ID_ACTIVIDAD, ID_NINIO, ID_TIPO_RENDIMIENT, OBSERVACIONES) VALUES (6, 11, 2, 'EL NIÑO RINDIÓ BIEN');
INSERT INTO RENDIMIENTO (ID_ACTIVIDAD, ID_NINIO, ID_TIPO_RENDIMIENT, OBSERVACIONES) VALUES (7, 11, 3, 'EL NIÑO RINDIÓ EXCELENTE');
INSERT INTO RENDIMIENTO (ID_ACTIVIDAD, ID_NINIO, ID_TIPO_RENDIMIENT, OBSERVACIONES) VALUES (8, 11, 3, 'EL NIÑO RINDIÓ EXCELENTE');
INSERT INTO RENDIMIENTO (ID_ACTIVIDAD, ID_NINIO, ID_TIPO_RENDIMIENT, OBSERVACIONES) VALUES (5, 12, 1, 'EL NIÑO NO RINDIÓ BIEN');
INSERT INTO RENDIMIENTO (ID_ACTIVIDAD, ID_NINIO, ID_TIPO_RENDIMIENT, OBSERVACIONES) VALUES (6, 12, 2, 'EL NIÑO RINDIÓ BIEN');
INSERT INTO RENDIMIENTO (ID_ACTIVIDAD, ID_NINIO, ID_TIPO_RENDIMIENT, OBSERVACIONES) VALUES (7, 12, 3, 'EL NIÑO RINDIÓ EXCELENTE');
INSERT INTO RENDIMIENTO (ID_ACTIVIDAD, ID_NINIO, ID_TIPO_RENDIMIENT, OBSERVACIONES) VALUES (8, 12, 3, 'EL NIÑO RINDIÓ EXCELENTE');
INSERT INTO RENDIMIENTO (ID_ACTIVIDAD, ID_NINIO, ID_TIPO_RENDIMIENT, OBSERVACIONES) VALUES (9, 13, 1, 'EL NIÑO NO RINDIÓ BIEN');
INSERT INTO RENDIMIENTO (ID_ACTIVIDAD, ID_NINIO, ID_TIPO_RENDIMIENT, OBSERVACIONES) VALUES (10, 13, 2, 'EL NIÑO RINDIÓ BIEN');
INSERT INTO RENDIMIENTO (ID_ACTIVIDAD, ID_NINIO, ID_TIPO_RENDIMIENT, OBSERVACIONES) VALUES (11, 13, 3, 'EL NIÑO RINDIÓ EXCELENTE');
INSERT INTO RENDIMIENTO (ID_ACTIVIDAD, ID_NINIO, ID_TIPO_RENDIMIENT, OBSERVACIONES) VALUES (9, 14, 1, 'EL NIÑO NO RINDIÓ BIEN');
INSERT INTO RENDIMIENTO (ID_ACTIVIDAD, ID_NINIO, ID_TIPO_RENDIMIENT, OBSERVACIONES) VALUES (10, 14, 2, 'EL NIÑO RINDIÓ BIEN');
INSERT INTO RENDIMIENTO (ID_ACTIVIDAD, ID_NINIO, ID_TIPO_RENDIMIENT, OBSERVACIONES) VALUES (11, 14, 3, 'EL NIÑO RINDIÓ EXCELENTE');
INSERT INTO RENDIMIENTO (ID_ACTIVIDAD, ID_NINIO, ID_TIPO_RENDIMIENT, OBSERVACIONES) VALUES (9, 15, 1, 'EL NIÑO NO RINDIÓ BIEN');
INSERT INTO RENDIMIENTO (ID_ACTIVIDAD, ID_NINIO, ID_TIPO_RENDIMIENT, OBSERVACIONES) VALUES (10, 15, 2, 'EL NIÑO RINDIÓ BIEN');
INSERT INTO RENDIMIENTO (ID_ACTIVIDAD, ID_NINIO, ID_TIPO_RENDIMIENT, OBSERVACIONES) VALUES (11, 15, 3, 'EL NIÑO RINDIÓ EXCELENTE');
INSERT INTO RENDIMIENTO (ID_ACTIVIDAD, ID_NINIO, ID_TIPO_RENDIMIENT, OBSERVACIONES) VALUES (9, 16, 1, 'EL NIÑO NO RINDIÓ BIEN');
INSERT INTO RENDIMIENTO (ID_ACTIVIDAD, ID_NINIO, ID_TIPO_RENDIMIENT, OBSERVACIONES) VALUES (10, 16, 2, 'EL NIÑO RINDIÓ BIEN');
INSERT INTO RENDIMIENTO (ID_ACTIVIDAD, ID_NINIO, ID_TIPO_RENDIMIENT, OBSERVACIONES) VALUES (11, 16, 3, 'EL NIÑO RINDIÓ EXCELENTE');
INSERT INTO RENDIMIENTO (ID_ACTIVIDAD, ID_NINIO, ID_TIPO_RENDIMIENT, OBSERVACIONES) VALUES (9, 17, 1, 'EL NIÑO NO RINDIÓ BIEN');
INSERT INTO RENDIMIENTO (ID_ACTIVIDAD, ID_NINIO, ID_TIPO_RENDIMIENT, OBSERVACIONES) VALUES (10, 17, 2, 'EL NIÑO RINDIÓ BIEN');
INSERT INTO RENDIMIENTO (ID_ACTIVIDAD, ID_NINIO, ID_TIPO_RENDIMIENT, OBSERVACIONES) VALUES (11, 17, 3, 'EL NIÑO RINDIÓ EXCELENTE');
INSERT INTO RENDIMIENTO (ID_ACTIVIDAD, ID_NINIO, ID_TIPO_RENDIMIENT, OBSERVACIONES) VALUES (9, 18, 1, 'EL NIÑO NO RINDIÓ BIEN');
INSERT INTO RENDIMIENTO (ID_ACTIVIDAD, ID_NINIO, ID_TIPO_RENDIMIENT, OBSERVACIONES) VALUES (10, 18, 2, 'EL NIÑO RINDIÓ BIEN');
INSERT INTO RENDIMIENTO (ID_ACTIVIDAD, ID_NINIO, ID_TIPO_RENDIMIENT, OBSERVACIONES) VALUES (11, 18, 3, 'EL NIÑO RINDIÓ EXCELENTE');
INSERT INTO RENDIMIENTO (ID_ACTIVIDAD, ID_NINIO, ID_TIPO_RENDIMIENT, OBSERVACIONES) VALUES (12, 19, 1, 'EL NIÑO NO RINDIÓ BIEN');
INSERT INTO RENDIMIENTO (ID_ACTIVIDAD, ID_NINIO, ID_TIPO_RENDIMIENT, OBSERVACIONES) VALUES (13, 19, 2, 'EL NIÑO RINDIÓ BIEN');
INSERT INTO RENDIMIENTO (ID_ACTIVIDAD, ID_NINIO, ID_TIPO_RENDIMIENT, OBSERVACIONES) VALUES (14, 19, 3, 'EL NIÑO RINDIÓ EXCELENTE');
INSERT INTO RENDIMIENTO (ID_ACTIVIDAD, ID_NINIO, ID_TIPO_RENDIMIENT, OBSERVACIONES) VALUES (15, 19, 3, 'EL NIÑO RINDIÓ EXCELENTE');
INSERT INTO RENDIMIENTO (ID_ACTIVIDAD, ID_NINIO, ID_TIPO_RENDIMIENT, OBSERVACIONES) VALUES (12, 20, 1, 'EL NIÑO NO RINDIÓ BIEN');
INSERT INTO RENDIMIENTO (ID_ACTIVIDAD, ID_NINIO, ID_TIPO_RENDIMIENT, OBSERVACIONES) VALUES (13, 20, 2, 'EL NIÑO RINDIÓ BIEN');
INSERT INTO RENDIMIENTO (ID_ACTIVIDAD, ID_NINIO, ID_TIPO_RENDIMIENT, OBSERVACIONES) VALUES (14, 20, 3, 'EL NIÑO RINDIÓ EXCELENTE');
INSERT INTO RENDIMIENTO (ID_ACTIVIDAD, ID_NINIO, ID_TIPO_RENDIMIENT, OBSERVACIONES) VALUES (15, 20, 3, 'EL NIÑO RINDIÓ EXCELENTE');
INSERT INTO RENDIMIENTO (ID_ACTIVIDAD, ID_NINIO, ID_TIPO_RENDIMIENT, OBSERVACIONES) VALUES (12, 21, 1, 'EL NIÑO NO RINDIÓ BIEN');
INSERT INTO RENDIMIENTO (ID_ACTIVIDAD, ID_NINIO, ID_TIPO_RENDIMIENT, OBSERVACIONES) VALUES (13, 21, 2, 'EL NIÑO RINDIÓ BIEN');
INSERT INTO RENDIMIENTO (ID_ACTIVIDAD, ID_NINIO, ID_TIPO_RENDIMIENT, OBSERVACIONES) VALUES (14, 21, 3, 'EL NIÑO RINDIÓ EXCELENTE');
INSERT INTO RENDIMIENTO (ID_ACTIVIDAD, ID_NINIO, ID_TIPO_RENDIMIENT, OBSERVACIONES) VALUES (15, 21, 3, 'EL NIÑO RINDIÓ EXCELENTE');
INSERT INTO RENDIMIENTO (ID_ACTIVIDAD, ID_NINIO, ID_TIPO_RENDIMIENT, OBSERVACIONES) VALUES (12, 22, 1, 'EL NIÑO NO RINDIÓ BIEN');
INSERT INTO RENDIMIENTO (ID_ACTIVIDAD, ID_NINIO, ID_TIPO_RENDIMIENT, OBSERVACIONES) VALUES (13, 22, 2, 'EL NIÑO RINDIÓ BIEN');
INSERT INTO RENDIMIENTO (ID_ACTIVIDAD, ID_NINIO, ID_TIPO_RENDIMIENT, OBSERVACIONES) VALUES (14, 22, 3, 'EL NIÑO RINDIÓ EXCELENTE');
INSERT INTO RENDIMIENTO (ID_ACTIVIDAD, ID_NINIO, ID_TIPO_RENDIMIENT, OBSERVACIONES) VALUES (15, 22, 3, 'EL NIÑO RINDIÓ EXCELENTE');
INSERT INTO RENDIMIENTO (ID_ACTIVIDAD, ID_NINIO, ID_TIPO_RENDIMIENT, OBSERVACIONES) VALUES (12, 23, 1, 'EL NIÑO NO RINDIÓ BIEN');
INSERT INTO RENDIMIENTO (ID_ACTIVIDAD, ID_NINIO, ID_TIPO_RENDIMIENT, OBSERVACIONES) VALUES (13, 23, 2, 'EL NIÑO RINDIÓ BIEN');
INSERT INTO RENDIMIENTO (ID_ACTIVIDAD, ID_NINIO, ID_TIPO_RENDIMIENT, OBSERVACIONES) VALUES (14, 23, 3, 'EL NIÑO RINDIÓ EXCELENTE');
INSERT INTO RENDIMIENTO (ID_ACTIVIDAD, ID_NINIO, ID_TIPO_RENDIMIENT, OBSERVACIONES) VALUES (15, 23, 3, 'EL NIÑO RINDIÓ EXCELENTE');
INSERT INTO RENDIMIENTO (ID_ACTIVIDAD, ID_NINIO, ID_TIPO_RENDIMIENT, OBSERVACIONES) VALUES (12, 24, 1, 'EL NIÑO NO RINDIÓ BIEN');
INSERT INTO RENDIMIENTO (ID_ACTIVIDAD, ID_NINIO, ID_TIPO_RENDIMIENT, OBSERVACIONES) VALUES (13, 24, 2, 'EL NIÑO RINDIÓ BIEN');
INSERT INTO RENDIMIENTO (ID_ACTIVIDAD, ID_NINIO, ID_TIPO_RENDIMIENT, OBSERVACIONES) VALUES (14, 24, 3, 'EL NIÑO RINDIÓ EXCELENTE');
INSERT INTO RENDIMIENTO (ID_ACTIVIDAD, ID_NINIO, ID_TIPO_RENDIMIENT, OBSERVACIONES) VALUES (15, 24, 3, 'EL NIÑO RINDIÓ EXCELENTE');
INSERT INTO MATRICULA (ID_ANO_LECTIVO, ID_NINIO, PRECIO_MATRICULA) VALUES (1, 1, 10);
INSERT INTO MATRICULA (ID_ANO_LECTIVO, ID_NINIO, PRECIO_MATRICULA) VALUES (1, 2, 10);
INSERT INTO MATRICULA (ID_ANO_LECTIVO, ID_NINIO, PRECIO_MATRICULA) VALUES (1, 3, 10);
INSERT INTO MATRICULA (ID_ANO_LECTIVO, ID_NINIO, PRECIO_MATRICULA) VALUES (1, 4, 10);
INSERT INTO MATRICULA (ID_ANO_LECTIVO, ID_NINIO, PRECIO_MATRICULA) VALUES (1, 5, 10);
INSERT INTO MATRICULA (ID_ANO_LECTIVO, ID_NINIO, PRECIO_MATRICULA) VALUES (1, 6, 10);
INSERT INTO MATRICULA (ID_ANO_LECTIVO, ID_NINIO, PRECIO_MATRICULA) VALUES (2, 7, 10);
INSERT INTO MATRICULA (ID_ANO_LECTIVO, ID_NINIO, PRECIO_MATRICULA) VALUES (2, 8, 10);
INSERT INTO MATRICULA (ID_ANO_LECTIVO, ID_NINIO, PRECIO_MATRICULA) VALUES (2, 9, 10);
INSERT INTO MATRICULA (ID_ANO_LECTIVO, ID_NINIO, PRECIO_MATRICULA) VALUES (2, 10, 10);
INSERT INTO MATRICULA (ID_ANO_LECTIVO, ID_NINIO, PRECIO_MATRICULA) VALUES (2, 11, 10);
INSERT INTO MATRICULA (ID_ANO_LECTIVO, ID_NINIO, PRECIO_MATRICULA) VALUES (2, 12, 10);
INSERT INTO MATRICULA (ID_ANO_LECTIVO, ID_NINIO, PRECIO_MATRICULA) VALUES (3, 13, 10);
INSERT INTO MATRICULA (ID_ANO_LECTIVO, ID_NINIO, PRECIO_MATRICULA) VALUES (3, 14, 10);
INSERT INTO MATRICULA (ID_ANO_LECTIVO, ID_NINIO, PRECIO_MATRICULA) VALUES (3, 15, 10);
INSERT INTO MATRICULA (ID_ANO_LECTIVO, ID_NINIO, PRECIO_MATRICULA) VALUES (3, 16, 10);
INSERT INTO MATRICULA (ID_ANO_LECTIVO, ID_NINIO, PRECIO_MATRICULA) VALUES (3, 17, 10);
INSERT INTO MATRICULA (ID_ANO_LECTIVO, ID_NINIO, PRECIO_MATRICULA) VALUES (3, 18, 10);
INSERT INTO MATRICULA (ID_ANO_LECTIVO, ID_NINIO, PRECIO_MATRICULA) VALUES (4, 19, 10);
INSERT INTO MATRICULA (ID_ANO_LECTIVO, ID_NINIO, PRECIO_MATRICULA) VALUES (4, 20, 10);
INSERT INTO MATRICULA (ID_ANO_LECTIVO, ID_NINIO, PRECIO_MATRICULA) VALUES (4, 21, 10);
INSERT INTO MATRICULA (ID_ANO_LECTIVO, ID_NINIO, PRECIO_MATRICULA) VALUES (4, 22, 10);
INSERT INTO MATRICULA (ID_ANO_LECTIVO, ID_NINIO, PRECIO_MATRICULA) VALUES (4, 23, 10);
INSERT INTO MATRICULA (ID_ANO_LECTIVO, ID_NINIO, PRECIO_MATRICULA) VALUES (4, 24, 10);
